titulo;tipo_paper;doi
A Critical Junctures Approach To Disaster Recovery Policies – An Idea Whose Time Has Come?;Conferencepaper;10.1016/j.ijdrr.2021.102164
Agent-Based Modelling Of Post-Disaster Recovery With Remote Sensing Data;Journalarticle;10.1016/j.ijdrr.2021.102285
The Long-Term Impact Of The 2004 Tsunami On Sri Lankan Survivors: Exploring The Socio-Cultural Influences On Resilience;Journalarticle;10.1016/j.ijdrr.2021.102519
A Psychological Wellbeing Perspective Of Long-Term Disaster Recovery Following The Canterbury Earthquakes;Journalarticle;10.1016/j.ijdrr.2021.102438
Nonprofit Financial Resilience: Recovery From Natural Disasters;Journalarticle;10.1007/s11266-021-00415-w
Community Participation And Strengthening In A Reconstruction Context After A Natural Disaster;Conferencepaper;10.1080/10852352.2014.973296
Does Post-Disaster Aid Promote Community Resilience? Evidence From Federal Disaster Programs;Journalarticle;10.1007/s11069-021-04826-2
Complexity Of Resilience Capacities: Household Capitals And Resilience Outcomes On The Disaster Cycle In Informal Settlements;Journalarticle;10.1016/j.ijdrr.2021.102292
Embedded Entrepreneurs And Post-Disaster Community Recovery;Conferencepaper;10.1080/08985626.2018.1457084
Developing A Resilience Index Towards Natural Disasters In Indonesia;Conferencepaper;10.1016/j.ijdrr.2014.10.007
A Hierarchy Of Measures For Infrastructure Resilience – Learning From Post-Disaster Reconstruction In Christchurch, New Zealand;Book;10.1080/10286608.2015.1022728
The Power Of Localism During The Long-Term Disaster Recovery Process;Conferencepaper;10.1108/DPM-05-2018-0150
Exploring Interdepencies And Common Goals In Disaster Recovery Coordination;Book;10.1016/j.proeng.2018.01.129
The Experiences For Post-Disaster Reconstruction In Rural China: The Implications From Data Mining;Booksection;
Flirting With Danger: Practice Dilemmas For Community Development In Disaster Recovery;Journalarticle;10.1080/15575330.2014.968855
Occupational Disruption And Natural Disaster: Finding A ‘New Normal’ In A Changed Context;Journalarticle;10.1080/14427591.2017.1306790
Patterns Of Disaster Commemoration In Long‐Term Recovery;Journalarticle;10.1111/gere.12316
Analyzing Logistic Operations In Rain And Storm-Related Disaster: A Case Study Of Four Cities In Sao Paulo, Brazil.;Journalarticle;
Disaster Recovery From A Gender And Diversity Perspective: Cases Following Megadisasters In Japan And Asian Countries;Journalarticle;
Differential Vulnerability And Resilience Of Earthquake: A Case Of Displaced Tamangs Of Tiru And Gogane Villages Of Central Nepal;Book;10.1016/j.pdisas.2021.100205
Aceh Tsunami: Long-Term Economic Recovery After The Disaster;Journalarticle;10.1016/j.ijdrr.2021.102606
Analysing Spatial Interdependence Among The 2011 Thailand Flood-Affected Small And Medium Enterprises For Reduction Of Disaster Recovery Time Period;Booksection;10.1186/s40677-021-00180-4
Ecuadorian Housing Resettlements Five Years After The 2016 Earthquake: A Critical Analysis;Journalarticle;10.1016/j.habitatint.2021.102433
Mexico City During And After The September 19, 2017 Earthquake: Assessment Of Seismic Resilience And Ongoing Recovery Process;Journalarticle;10.1007/s13349-021-00511-x
Adoption Of Seismic-Resistant Techniques In Reconstructed Housing In The Aftermath Of Nepal’S 2015 Gorkha Earthquake;Journalarticle;10.1177/87552930211009530
Living-Transforming Disaster Relief Shelter: A Conceptual Approach For Sustainable Post-Disaster Housing;Journalarticle;10.1108/BEPAM-04-2020-0076
Determining The Depth Of Households' Participation Influencing The Level Of Their Residential Satisfaction In A Post-Haiyan Resettlement;Journalarticle;10.1016/j.ijdrr.2021.102490
Multi-Hazards, Displaced People'S Vulnerability And Resettlement: Post-Earthquake Experiences From Rasuwa District In Nepal And Their Connections To Policy Loopholes And Reconstruction Practices;Journalarticle;10.1016/j.pdisas.2021.100187
Possible Roles Of People'S Organization For Post-Disaster Community Recovery: A Case Study On Recovery Process After Philippine Typhoon Yolanda;Journalarticle;10.1016/j.pdisas.2021.100184
A Multidimensional Framework For Disaster Recovery: Longitudinal Qualitative Evidence From Puerto Rican Households;Journalarticle;10.1016/j.worlddev.2021.105489
Consideration On Local Housing Reconstruction System For Large-Scale Tsunami Disaster − Through The Action Of Housing Reconstruction In Rikuzentakata City −;Booksection;10.3130/aijt.27.859
Dilemmas, Decision-Making, And Disasters: Emotions Of Parenting, Safety, And Rebuilding In Bushfire Recovery;Journalarticle;10.1111/area.12696
Reconstructing Post-Earthquake Settlement Using Community Deliberation Participation Approach In Yogyakarta-Indonesia;Journalarticle;10.21837/PM.V19I15.928
A Conceptual Framework Integrating “Building Back Better” And Post-Earthquake Needs For Recovery And Reconstruction;Journalarticle;10.3390/su13105608
Preventing Post-Disaster Population Losses And Recovery Policy;Journalarticle;10.5055/JEM.0580
Data Digitization To Mitigate Legal Disputes During Reconstruction In Earthquake-Prone Areas;Journalarticle;10.1061/(ASCE)LA.1943-4170.0000455
Modeling Housing Recovery After The 2018 Lombok Earthquakes Using A Stochastic Queuing Model;Journalarticle;10.1177/8755293020970972
Mobilization Of Social Capital During Post Haiyan In The Two Municipalities Of Leyte Province, Philippines;Conferencepaper;10.1088/1755-1315/708/1/012099
Women Empowerment In Post- Disaster Recovery After 2018 Tsunami In Sumur Regency Pandeglang District;Journalarticle;10.1088/1755-1315/708/1/012072
The Role Of Acknowledgment In The Psychosocial Recovery Of Young Adults In Disaster Events;Booksection;10.47389/36.2.42
Wellbeing Recovery Inequity Following The 2010/2011 Canterbury Earthquake Sequence: Repeated Cross-Sectional Studies;Book;10.1111/1753-6405.13054
Understanding Short-Term Household Recoveries From The 2015 Nepal Earthquakes: Lessons Learned And Recommendations;Journalarticle;10.1016/j.pdisas.2021.100169
Community-Based Participatory Approach In Cultural Heritage Reconstruction: A Case Study Of Kasthamandap;Journalarticle;10.1016/j.pdisas.2021.100153
Inclusion Of The Poor And Vulnerable: Learning From Post-Earthquake Housing Reconstruction In Nepal;Journalarticle;10.1016/j.pdisas.2021.100162
Community Led Post-Earthquake Heritage Reconstruction In Patan–Issues And Lessons Learned;Journalarticle;10.1016/j.pdisas.2021.100156
An Analysis Of Use And Effectiveness Of Communication Channels, Media And Tools In Post-Earthquake Private Housing Reconstruction In Nepal;Conferencepaper;10.1016/j.pdisas.2021.100157
Reconstruction Assistance In Rural Nepal After The 2015 Gorkha Nepal Earthquake Through Aarma Parmah Approach - A Case Study In Bijulikot, Ramechhap District;Journalarticle;10.1016/j.pdisas.2021.100148
Geographies Of Doing Nothing–Internal Displacement And Practices Of Post-Disaster Recovery In Urban Areas Of The Kathmandu Valley, Nepal;Journalarticle;10.3390/socsci10030110
A System Disconnected: Perspectives On Post-Disaster Housing Recovery Policy And Programs;Journalarticle;10.1007/s11069-020-04463-1
Leaving Problematic Assets Behind: Lessons From Post-Tsunami Reconstruction In Aceh;Journalarticle;10.1088/1755-1315/682/1/012007
Support From Inland Local Governments For The Reconstruction From Tsunami Disaster: Case Of Morioka City, Iwate Pref.;Journalarticle;10.3130/AIJT.27.493
An Inquiry Into Success Factors For Post-Disaster Housing Reconstruction Projects: A Case Of Kerala, South India;Journalarticle;10.1007/s13753-020-00309-3
Institutional Coordination Of Disaster Management: Engaging National And Local Governments In Japan;Journalarticle;10.1061/(ASCE)NH.1527-6996.0000423
What Makes A Successful Livelihood Recovery? A Study Of China’S Lushan Earthquake;Journalarticle;10.1007/s11069-020-04412-y
Analysis Of The Capacity Of The Rehabilitation And Reconstruction Policy Due To The Mount Sinabung Eruption Disaster In Indonesia;Journalarticle;10.48047/rigeo.11.05.377
Integrating Green Solutions Into Post-Earthquake Recovery Of Bam, Iran;Journalarticle;
Trends And Relationships In Victims’ Recovery Perceptions: A Case Study Of The Recovery Process Following The Great East Japan Earthquake;Booksection;10.1007/s11069-021-04979-0
Assessing Post-Disaster Recovery Using Sentiment Analysis: The Case Of L’Aquila, Italy;Booksection;10.1177/87552930211036486
Dynamic Economic Resilience Scenarios For Measuring Long-Term Community Housing Recovery;Booksection;10.1080/17477891.2021.1962784
Post-Disaster Sheltering Process After The 2019 Floods, In Golestan Province, Iran;Journalarticle;10.1108/IJDRBE-03-2021-0023
Prolific, But Undemanding. The State And The Post-Disaster Reconstruction Of A Small Regional Capital: The Case Of L’Aquila, Italy;Journalarticle;10.1080/04353684.2021.1944816
Efforts To Grasp Progresses Of Recovery And Reconstruction Following The Great East Japan Earthquake On Broader-Areas And Local-Areas;Journalarticle;10.5026/jgeography.130.289
Corrupción Pasiva En La Reconstrucción De La Ciudad De México;Journalarticle;10.22201/iis.01882503p.2021.2.60090
Social Capital, Trust, And Collective Action In Post-Earthquake Nepal;Journalarticle;10.1007/s11069-020-04363-4
Women’S Capabilities In Disaster Recovery And Resilience Must Be Acknowledged, Utilized And Supported;Journalarticle;10.1080/09589236.2020.1801397
A Bayesian Modeling Approach For Estimating Earthquake Reconstruction Behavior;Conferencepaper;10.1080/24694452.2020.1756207
Alternative Narrations And Imaginations Of Disaster Recovery: A Case Study Of Relocatees After The Christchurch, New Zealand, Earthquakes;Journalarticle;10.1080/14649365.2019.1574883
;Journalarticle;10.1561/101.00000122
;Journalarticle;10.1016/j.pdisas.2020.100126
;Journalarticle;10.1016/j.ijdrr.2020.101879
;Journalarticle;10.1016/j.soildyn.2020.106327
;Conferencepaper;10.1007/s40609-020-00181-5
;Journalarticle;10.1108/DPM-01-2020-0005
;Booksection;10.1108/DPM-09-2019-0311
;Journalarticle;10.1108/DPM-09-2019-0310
;Conferencepaper;10.1108/DPM-11-2019-0336
;Journalarticle;10.1016/j.ijdrr.2020.101673
;Journalarticle;10.1016/j.ijdrr.2020.101902
;Journalarticle;10.1061/(ASCE)NH.1527-6996.0000399
;Journalarticle;10.1016/j.worlddev.2020.105041
;Journalarticle;10.1016/j.ijdrr.2020.101710
;Journalarticle;10.1061/(ASCE)NH.1527-6996.0000393
;Journalarticle;10.1051/e3sconf/202020003004
;Journalarticle;10.3390/su12208585
;Journalarticle;10.1007/s11069-020-04341-w
;Journalarticle;10.1097/CNJ.0000000000000750
;Journalarticle;10.1007/s11069-020-04241-z
;Journalarticle;10.1016/j.jrurstud.2020.08.008
;Booksection;10.1007/s11069-020-04194-3
;Journalarticle;10.1007/s11069-020-04130-5
;Journalarticle;10.1007/s11069-019-03597-1
;Journalarticle;10.1007/s11069-019-03598-0
;Journalarticle;10.1088/1757-899X/933/1/012041
;Journalarticle;
;Journalarticle;
;Journalarticle;
;Journalarticle;10.1016/j.ijdrr.2020.101609
;Journalarticle;10.1080/17477891.2019.1667290
;Journalarticle;10.1080/14650045.2018.1533818
;Journalarticle;10.3390/SU12156229
;Journalarticle;10.1257/mac.20180190
;Journalarticle;10.1016/j.geoforum.2020.05.003
;Journalarticle;10.1111/disa.12411
;Book;10.3390/su12124979
;Conferencepaper;10.3390/su12114668
;Journalarticle;10.1007/s13753-020-00277-8
;Journalarticle;10.1016/j.istruc.2020.03.042
;Journalarticle;10.3390/su12093837
;Journalarticle;10.1016/j.ijdrr.2019.101467
;Journalarticle;10.1016/j.ssci.2020.104623
;Journalarticle;10.1016/j.ijdrr.2019.101443
;Journalarticle;10.1080/00130095.2020.1722635
;Journalarticle;10.1051/e3sconf/202015605017
;Journalarticle;10.1051/e3sconf/202015601012
;Journalarticle;10.1016/j.jhtm.2019.11.011
;Journalarticle;10.1016/j.ijdrr.2019.101373
;Journalarticle;10.1017/dmp.2019.97
;Journalarticle;10.1177/0042098019859232
;Journalarticle;10.1111/mice.12487
;Booksection;10.5593/sgem2020/6.1/s27.061
;Journalarticle;10.1108/DPM-08-2020-0275
;Booksection;10.1061/9780784482872.047
;Journalarticle;10.2478/aup-2020-0001
;Journalarticle;10.1108/IJDRBE-05-2020-0044
;Journalarticle;
;Journalarticle;
;Journalarticle;
;Journalarticle;
;Journalarticle;
;Journalarticle;10.1504/IJRAM.2020.106972
;Journalarticle;10.4067/S0718-83582020000100155
;Conferencepaper;10.1080/19460171.2020.1724549
;Journalarticle;
;Journalarticle;10.1016/j.ijdrr.2019.101356
;Book;10.1016/j.pdisas.2019.100041
;Conferencepaper;10.1016/j.worlddev.2019.104663
;Booksection;
;Journalarticle;10.1088/1757-899X/620/1/012071
;Journalarticle;10.1088/1757-899X/674/1/012043
;Journalarticle;10.11821/dlxb201910009
;Conferencepaper;10.1108/IJDRBE-05-2019-0025
;Conferencepaper;10.1108/IJDRBE-06-2019-0035
;Journalarticle;10.1590/15174522-101815
;Journalarticle;10.1016/j.ijdrr.2019.101199
;Journalarticle;10.1016/j.ijdrr.2019.101118
;Journalarticle;10.1108/DPM-04-2019-0103
;Journalarticle;10.1088/1755-1315/314/1/012065
;Journalarticle;10.3390/ijerph16162836
;Journalarticle;10.1016/j.emospa.2019.100592
;Journalarticle;10.1016/j.ijdrr.2019.101158
;Journalarticle;10.1108/DPM-12-2017-0322
;Journalarticle;10.1088/1755-1315/271/1/012001
;Journalarticle;10.1088/1755-1315/273/1/012061
;Journalarticle;10.1088/1755-1315/273/1/012055
;Journalarticle;10.1080/07900627.2018.1467312
;Conferencepaper;10.1108/IJCHM-06-2018-0513
;Journalarticle;10.1061/(ASCE)IS.1943-555X.0000471
;Journalarticle;10.3390/infrastructures4020030
;Journalarticle;10.1080/03003930.2018.1563541
;Journalarticle;10.1016/j.pdisas.2019.100003
;Book;10.1016/j.econmod.2018.09.011
;Journalarticle;10.1080/09584935.2018.1559278
;Journalarticle;10.1016/j.ijdrr.2018.12.023
;Journalarticle;10.1111/disa.12318
;Journalarticle;10.1136/bmjopen-2018-026354
;Journalarticle;10.1177/0022002717753919
;Journalarticle;10.1061/(ASCE)NH.1527-6996.0000323
;Journalarticle;10.3724/SP.J.1249.2019.01101
;Journalarticle;
;Journalarticle;10.1080/18692729.2018.1556495
;Journalarticle;
;Journalarticle;
;Journalarticle;
;Journalarticle;10.1193/052818EQS126O
;Journalarticle;10.21660/2019.56.4601
;Journalarticle;
;Journalarticle;10.1177/0739456X19864145
;Journalarticle;10.1201/9781351227544-74
;Journalarticle;
;Journalarticle;
;Journalarticle;10.1016/j.habitatint.2018.12.002
;Journalarticle;10.20965/jdr.2018.p1247
;Journalarticle;
;Journalarticle;10.1007/s10901-018-9602-9
;Journalarticle;10.1007/s11138-017-0401-4
;Journalarticle;10.1108/IJDRBE-08-2017-0050
;Journalarticle;10.3390/su10114115
;Journalarticle;10.3390/su10103732
;Journalarticle;10.1080/14036096.2017.1308434
;Journalarticle;10.1017/dmp.2017.130
;Journalarticle;10.1007/s11069-018-3367-z
;Conferencepaper;10.1007/s11069-018-3371-3
;Journalarticle;10.1007/s11069-018-3345-5
;Journalarticle;10.1007/s11069-018-3335-7
;Journalarticle;10.1016/j.ijdrr.2017.09.005
;Journalarticle;10.1108/DPM-11-2017-0285
;Journalarticle;10.1080/09614524.2018.1469601
;Journalarticle;
;Journalarticle;10.1111/disa.12261
;Journalarticle;10.1111/disa.12260
;Journalarticle;10.1108/IJDRBE-01-2017-0009
;Journalarticle;10.1088/1755-1315/153/6/062055
;Journalarticle;10.1002/rhc3.12133
;Journalarticle;10.1111/risa.12948
;Conferencepaper;10.1016/j.ijdrr.2018.03.019
;Journalarticle;10.1016/j.ijdrr.2018.02.035
;Journalarticle;
;Journalarticle;
;Journalarticle;10.1061/(ASCE)NH.1527-6996.0000287
;Journalarticle;10.1061/(ASCE)NH.1527-6996.0000283
;Journalarticle;10.1063/1.5029734
;Conferencepaper;10.1080/14649357.2018.1458965
;Journalarticle;10.1007/s11069-017-3139-1
;Journalarticle;10.20965/jdr.2018.p0168
;Journalarticle;10.1061/(ASCE)NH.1527-6996.0000269
;Journalarticle;10.1088/1755-1315/99/1/012006
;Journalarticle;10.1080/14672715.2017.1401935
;Journalarticle;
;Booksection;
;Journalarticle;
;Journalarticle;
;Journalarticle;
;Journalarticle;10.15446/rcdg.v27n1.59904
;Journalarticle;
;Journalarticle;10.1177/0739456X18804328
;Journalarticle;10.4206/aus.2018.n23-06
;Journalarticle;10.1017/dmp.2017.57
;Journalarticle;
;Journalarticle;
;Journalarticle;
;Journalarticle;
;Journalarticle;10.1016/j.proeng.2018.01.148
;Journalarticle;10.1016/j.proeng.2018.01.078
;Journalarticle;10.1016/j.proeng.2018.01.083
;Journalarticle;10.1016/j.proeng.2018.01.058
;Journalarticle;10.1016/j.proeng.2018.01.166
;Book;10.1016/j.proeng.2018.01.040
;Journalarticle;10.1016/j.proeng.2018.01.151
;Journalarticle;10.1093/inthealth/ihx064
;Journalarticle;
;Journalarticle;10.1007/s11069-017-3056-3
;Journalarticle;
;Journalarticle;
;Journalarticle;
;Booksection;10.1080/17477891.2017.1340869
;Journalarticle;
;Conferencepaper;10.1193/113016EQS217M
;Journalarticle;
;Conferencepaper;
;Journalarticle;
;Journalarticle;10.1063/1.5011630
;Journalarticle;
;Journalarticle;10.3390/su9112015
;Journalarticle;10.1193/092515EQS142M
;Booksection;10.3828/tpr.2017.38
;Journalarticle;
;Book;10.1177/0956247817721403
;Journalarticle;10.1111/disa.12219
;Journalarticle;10.1080/01446193.2016.1247973
;Journalarticle;10.1016/j.ijdrr.2017.06.019
;Book;10.1016/j.ijdrr.2017.06.007
;Journalarticle;10.1371/journal.pone.0183631
;Conferencepaper;10.1016/j.techfore.2016.09.018
;Journalarticle;10.1177/0094582X16658265
;Booksection;10.1016/j.ijproman.2016.07.007
;Journalarticle;10.3390/ijerph14060590
;Conferencepaper;10.1016/j.worlddev.2016.12.039
;Journalarticle;
;Journalarticle;
;Journalarticle;
;Journalarticle;
;Journalarticle;10.1088/1755-1315/56/1/012019
;Journalarticle;10.1061/(ASCE)UP.1943-5444.0000354
;Journalarticle;
;Journalarticle;
;Journalarticle;
;Journalarticle;
;Journalarticle;
;Journalarticle;
;Journalarticle;
;Journalarticle;
;Journalarticle;
;Journalarticle;10.3917/med.180.0105
;Journalarticle;
;Booksection;
;Journalarticle;
;Journalarticle;
;Journalarticle;
;Conferencepaper;
;Conferencepaper;
;Journalarticle;10.1108/DPM-03-2016-0054
;Journalarticle;10.1007/s11069-016-2564-x
;Journalarticle;10.1007/s11069-016-2568-6
;Journalarticle;
;Journalarticle;10.18848/2329-1621/CGP/v11i04/59-74
;Journalarticle;10.20965/jdr.2016.p1190
;Journalarticle;10.1007/s11069-016-2550-3
;Journalarticle;10.1080/09640568.2015.1116981
;Journalarticle;10.1051/e3sconf/20160717003
;Journalarticle;10.1016/j.ijdrr.2016.08.025
;Journalarticle;10.20965/jdr.2016.p0889
;Booksection;10.1007/s11069-016-2412-z
;Journalarticle;10.1007/s13753-016-0095-4
;Journalarticle;10.1016/j.ijdrr.2016.07.001
;Journalarticle;10.1016/j.ienj.2015.11.009
;Journalarticle;10.1080/13669877.2016.1143864
;Journalarticle;10.1017/dmp.2016.11
;Journalarticle;
;Journalarticle;10.1108/IJDRBE-07-2014-0049
;Journalarticle;10.1016/j.econmod.2016.02.029
;Journalarticle;
;Journalarticle;10.3390/ijerph13050507
;Journalarticle;10.1007/s11069-016-2204-5
;Book;
;Journalarticle;
;Conferencepaper;
;Conferencepaper;
;Journalarticle;
;Journalarticle;
;Journalarticle;10.1080/1041794X.2015.1111407
;Journalarticle;10.1061/(ASCE)NH.1527-6996.0000191
;Journalarticle;
;Journalarticle;10.3846/20297955.2016.1159533
;Journalarticle;10.1080/13683500.2014.990424
;Journalarticle;
;Journalarticle;
;Journalarticle;10.17645/pag.v4i4.741
;Journalarticle;
;Journalarticle;
;Journalarticle;10.19191/EP16.2S1.P093.055
;Journalarticle;
;Journalarticle;10.1016/j.proeng.2016.04.156
;Journalarticle;10.1016/j.proeng.2016.08.153
;Journalarticle;10.1108/IJDRBE-05-2015-0029
;Journalarticle;10.1108/IJDRBE-08-2014-0066
;Journalarticle;10.1108/IJDRBE-09-2014-0068
;Journalarticle;10.1108/DPM-01-2016-0006
;Journalarticle;10.1108/DPM-11-2015-0263
;Journalarticle;10.18874/ae.75.1.08
;Book;10.20965/jdr.2016.p0486
;Journalarticle;10.20965/jdr.2016.p0476
;Journalarticle;10.4067/invi.v0i0.976
;Journalarticle;10.1002/sres.2302
;Journalarticle;10.1177/0275074014532708
;Journalarticle;10.1007/s11069-014-1400-4
;Booksection;10.17730/0018-7259-74.4.308
;Journalarticle;10.1111/jfr3.12098
;Book;10.1108/IJDRBE-08-2013-0033
;Book;10.1093/bjsw/bcv126
;Conferencepaper;10.1093/bjsw/bcv090
;Journalarticle;10.1007/s11069-015-1826-3
;Booksection;10.1080/08111146.2014.980401
;Journalarticle;10.20965/jdr.2015.p0939
;Journalarticle;10.20965/jdr.2015.p0807
;Journalarticle;
;Journalarticle;10.1177/0002764215591186
;Journalarticle;10.1007/s13753-015-0066-1
;Journalarticle;
;Journalarticle;10.1061/(ASCE)NH.1527-6996.0000166
;Book;10.1061/(ASCE)NH.1527-6996.0000172
;Journalarticle;
;Conferencepaper;
;Journalarticle;10.1080/15325024.2013.877771
;Conferencepaper;10.5014/ajot.2015.015990
;Conferencepaper;10.1108/IJDRBE-01-2014-0009
;Journalarticle;10.1108/IJDRBE-07-2013-0025
;Conferencepaper;10.1108/IJDRBE-06-2013-0019
;Journalarticle;
;Journalarticle;10.1111/cico.12105
;Journalarticle;10.1016/j.jenvp.2015.01.004
;Booksection;10.1080/09614524.2015.1028334
;Journalarticle;10.1177/0976399614563221
;Journalarticle;10.1111/disa.12098
;Journalarticle;10.1111/jors.12119
;Journalarticle;10.1061/(ASCE)CO.1943-7862.0000939
;Journalarticle;10.1080/00167223.2014.973056
;Journalarticle;
;Journalarticle;
;Journalarticle;
;Journalarticle;
;Journalarticle;
;Journalarticle;10.3208/jgssp.ESD-KL-7
;Journalarticle;10.1201/b18146-62
;Journalarticle;
;Journalarticle;10.3926/jiem.1468
;Journalarticle;10.1061/9780784479377.056
;Journalarticle;
;Journalarticle;10.1080/1177083X.2015.1071712
;Journalarticle;10.1080/1177083X.2015.1068183
;Journalarticle;
;Booksection;
;Journalarticle;10.1177/0020872815583073
;Journalarticle;10.1177/0020872813477880
;Journalarticle;
;Journalarticle;
;Journalarticle;10.1007/s11069-014-1344-8
;Booksection;10.1080/09640568.2013.839444
;Conferencepaper;10.20965/jdr.2014.p1059
;Journalarticle;10.1016/j.ijdrr.2014.09.016
;Journalarticle;10.1108/IJDRBE-03-2013-0006
;Journalarticle;10.1193/090511EQS221M
;Journalarticle;10.1007/s10826-013-9802-6
;Journalarticle;10.1080/01944363.2014.989399
;Journalarticle;
;Journalarticle;10.20965/jdr.2014.p0743
;Journalarticle;10.20965/jdr.2014.p0673
;Journalarticle;10.13577/j.jnd.2014.0401
;Journalarticle;10.1080/02533839.2013.815419
;Journalarticle;10.2495/FRIAR140141
;Journalarticle;10.1016/j.ijdrr.2013.09.004
;Journalarticle;10.1186/1472-6874-14-18
;Journalarticle;
;Journalarticle;
;Journalarticle;
;Journalarticle;
;Journalarticle;
;Journalarticle;
;Journalarticle;
;Journalarticle;
;Book;10.20965/jdr.2014.p0563
;Journalarticle;
;Booksection;10.1061/9780784413517.0123
;Journalarticle;10.1193/022013EQS041MR
;Journalarticle;10.1007/978-3-642-44916-1_6
;Booksection;10.1007/978-3-642-35548-6_73
;Journalarticle;10.1080/17448689.2014.885787
;Journalarticle;10.1111/disa.12068
;Journalarticle;10.1504/IJEM.2014.061664
;Journalarticle;10.1080/14649357.2014.902909
;Journalarticle;10.1016/j.ijdrr.2014.03.003
;Journalarticle;10.1016/j.ijdrr.2014.02.001
;Book;10.1108/IJDRBE-08-2012-0025
;Booksection;10.1111/ciso.12026
;Journalarticle;10.1111/disa.12048
;Conferencepaper;10.1111/disa.12054
;Journalarticle;10.1007/s11069-013-0924-3
;Journalarticle;10.1016/j.habitatint.2013.09.001
;Conferencepaper;10.5593/SGEM2013/BF6/S27.023
;Conferencepaper;10.1080/14616718.2013.852301
;Journalarticle;10.2495/DMAN130041
;Journalarticle;
;Journalarticle;
;Journalarticle;
;Journalarticle;
;Conferencepaper;
;Journalarticle;10.1016/j.techfore.2012.12.001
;Journalarticle;10.1108/SS-12-2012-0044
;Journalarticle;10.1111/1758-5899.12038
;Journalarticle;
;Booksection;10.1111/nzg.12014
;Journalarticle;
;Journalarticle;10.1108/IJDRBE-02-2012-0009
;Journalarticle;10.1108/IJDRBE-03-2013-0005
;Journalarticle;
;Journalarticle;10.1080/17477891.2012.689250
;Conferencepaper;10.1371/currents.dis.a4f34a96cb91aaffacd36f5ce7476a36
;Journalarticle;10.1111/j.1467-7717.2012.01305.x
;Journalarticle;10.1142/S1464333213500051
;Journalarticle;10.1108/17595901311298991
;Journalarticle;10.1007/s10708-011-9437-3
;Booksection;
;Journalarticle;10.1016/j.ypmed.2012.12.024
;Booksection;
;Book;10.2495/SC130381
;Booksection;10.1016/j.proeng.2013.03.012
;Journalarticle;10.1108/DPM-10-2013-0180
;Journalarticle;10.20965/jdr.2013.p0737
;Journalarticle;10.1016/j.habitatint.2013.05.004
;Journalarticle;10.1080/1536710X.2013.784551
;Journalarticle;10.1080/1536710X.2013.784561
;Conferencepaper;10.1080/1536710X.2013.784175
;Journalarticle;10.20965/jdr.2013.p0356
;Conferencepaper;10.1108/09653561311301989
;Journalarticle;10.1007/s11069-012-0442-8
;Journalarticle;
;Conferencepaper;10.1080/10511482.2011.624528
;Journalarticle;10.1080/00036846.2011.589821
;Journalarticle;10.1108/09699981211259621
;Journalarticle;
;Journalarticle;10.1108/17595901211263611
;Journalarticle;10.1007/s11069-012-0224-3
;Journalarticle;10.1111/j.1467-8381.2012.02082.x
;Journalarticle;10.1080/00346764.2012.662786
;Journalarticle;
;Journalarticle;10.1016/j.gloenvcha.2012.05.001
;Journalarticle;10.1016/j.iatssr.2012.07.001
;Journalarticle;10.1093/cdj/bsr025
;Conferencepaper;
;Journalarticle;
;Journalarticle;10.1016/j.envdev.2012.03.010
;Journalarticle;10.1108/09653561211220034
;Journalarticle;10.1111/j.1468-0297.2011.02475.x
;Book;10.1016/j.emospa.2011.08.002
;Book;
;Conferencepaper;
;Journalarticle;
;Journalarticle;
;Journalarticle;
;Journalarticle;
;Journalarticle;
;Journalarticle;
;Journalarticle;
;Journalarticle;
;Journalarticle;
;Journalarticle;10.1007/s13753-012-0007-1
;Journalarticle;10.1016/j.ijdrr.2012.08.001
;Journalarticle;10.1587/transcom.E95.B.1911
;Journalarticle;10.20965/jdr.2012.p0203
;Journalarticle;10.20965/jdr.2012.p0065
;Booksection;
;Conferencepaper;
;Journalarticle;
;Journalarticle;
;Journalarticle;
;Journalarticle;
;Journalarticle;10.1109/ISCRAM.2011.6184141
;Journalarticle;10.1080/09593969.2011.619665
;Journalarticle;
;Booksection;10.1163/156853111X597305
;Journalarticle;10.1177/0020872811400717
;Booksection;
;Journalarticle;10.1193/1.3633096
;Journalarticle;10.1061/41185(417)78
;Journalarticle;10.1080/17477891.2011.598497
;Journalarticle;
;Journalarticle;10.1179/003962611X13117748891750
;Journalarticle;
;Journalarticle;10.1080/00220388.2010.509786
;Book;10.1163/187651411X566720
;Booksection;
;Conferencepaper;10.1016/j.apgeog.2011.01.001
;Journalarticle;10.1061/41171(401)177
;Booksection;10.1111/j.1467-954X.2011.02008.x
;Journalarticle;10.1093/cdj/bsp058
;Book;10.1108/17595901111108380
;Journalarticle;10.1260/1478-0771.9.1.17
;Journalarticle;10.1061/(ASCE)CO.1943-7862.0000277
;Journalarticle;
;Journalarticle;10.1177/097492841106700402
;Journalarticle;10.1080/01446193.2010.521761
;Journalarticle;10.1016/j.habitatint.2010.08.003
;Journalarticle;10.1108/03074801111100445
;Journalarticle;
;Journalarticle;
;Conferencepaper;
;Booksection;
;Journalarticle;
;Journalarticle;
;Journalarticle;10.3846/ijspm.2010.26
;Conferencepaper;10.3846/ijspm.2010.24
;Journalarticle;10.3844/ajassp.2010.1412.1419
;Journalarticle;10.1109/CAIDCD.2010.5681850
;Journalarticle;
;Conferencepaper;10.1193/1.3474646
;Journalarticle;
;Journalarticle;10.1108/17595901011080878
;Journalarticle;
;Journalarticle;10.1001/dmp.2010.1001
;Booksection;10.1037/a0020079
;Journalarticle;10.1080/09614524.2010.491528
;Journalarticle;10.1061/(ASCE)CO.1943-7862.0000185
;Journalarticle;10.1080/14631371003740688
;Journalarticle;10.1142/S1793431110000777
;Journalarticle;10.1080/09613211003693945
;Journalarticle;
;Journalarticle;10.1007/s11111-009-0099-8
;Journalarticle;10.3130/aijt.16.405
;Journalarticle;10.1007/s11269-009-9568-1
;Journalarticle;
;Journalarticle;10.30541/v49i3pp.167-192
;Journalarticle;10.1002/ev.330
;Journalarticle;
;Booksection;10.1016/j.ccs.2010.07.001
;Conferencepaper;10.1108/09653561011070358
;Journalarticle;10.1007/s11069-009-9468-y
;Conferencepaper;10.1016/j.proeng.2018.01.068
;Journalarticle;10.24135/pjr.v24i1.402
;Journalarticle;10.1016/j.ijdrr.2015.01.012
;Booksection;10.1080/01944363.2014.980440
;Conferencepaper;10.1016/j.ijdrr.2021.102149
;Journalarticle;10.1016/j.ijdrr.2021.102340
;Journalarticle;10.1016/j.ijdrr.2021.102607
;Journalarticle;10.1353/sgo.2018.0034
;Conferencepaper;10.1108/IJDRBE-03-2020-0016
;Journalarticle;
;Journalarticle;10.1016/j.ijdrr.2014.12.002
;Conferencepaper;
;Journalarticle;10.1111/disa.12083
;Journalarticle;10.1002/rhc3.12082
;Journalarticle;10.1007/s11069-016-2489-4
;Conferencepaper;10.1177/1538513214549435
;Journalarticle;10.1080/17477891.2019.1675578
;Journalarticle;10.11157/anzswj-vol30iss3id496
;Journalarticle;10.1016/j.ijdrr.2021.102163
;Journalarticle;10.1016/j.ijdrr.2020.101930
;Journalarticle;10.1007/s10113-017-1260-z
;Journalarticle;10.1111/j.1467-7717.2010.01154.x
;Conferencepaper;10.1111/risa.13686
;Journalarticle;10.1016/j.geoforum.2017.09.005
;Journalarticle;10.1111/disa.12161
;Journalarticle;10.1108/DPM-08-2019-0237
;Journalarticle;10.1061/(ASCE)NH.1527-6996.0000223
;Journalarticle;10.1111/disa.12163
;Book;10.5812/ircmj.25050
;Journalarticle;10.1080/01944363.2021.1938637
;Journalarticle;10.1111/disa.12454
;Journalarticle;10.1007/s11069-014-1361-7
;Journalarticle;10.1108/09653561211234525
;Conferencepaper;10.1080/08870446.2017.1283039
;Booksection;10.4067/S0718-34022013000100011
;Journalarticle;10.4067/S0718-50492020000100239
;Booksection;10.7764/psykhe.23.2.641
;Booksection;10.4067/S0718-83582017000300113
;Journalarticle;10.4067/S0718-34022014000300010
;Journalarticle;10.4067/S0718-83582015000100003
;Journalarticle;10.4067/S0718-34022016000200007
;Journalarticle;10.4067/S0718-34022020000300133
;Journalarticle;10.4067/S0250-71612013000200002
;Book;10.22320/07183607.2020.23.41.07
;Journalarticle;10.4067/S0718-48082010000200005
;Journalarticle;10.4067/S0718-22442015000300007
;Journalarticle;10.4067/S0718-83582020000100155
;Booksection;10.36097/rsan.v1i35.1037
;Journalarticle;10.4067/S0718-83582018000100125
;Conferencepaper;10.4067/S0718-83582013000100005
;Conferencepaper;10.4067/S0250-71612012000200011
;Journalarticle;10.24201/edu.v35i2.1852
;Conferencepaper;10.4067/S0718-22442015000300011
;Journalarticle;
;Journalarticle;10.34096/runa.v41i2.8788
;Journalarticle;10.1016/j.ijdrr.2013.02.004
;Journalarticle;10.1080/1177083X.2015.1066400
;Journalarticle;10.1080/21650993.2011.9756108
;Journalarticle;10.1057/s41287-021-00460-7
;Journalarticle;10.1016/j.ijdrr.2021.102555
;Booksection;10.1111/1745-5871.12451
;Journalarticle;10.1007/s11069-015-2060-8
;Journalarticle;10.1016/j.ijdrr.2020.101788
;Journalarticle;10.1016/j.annals.2019.102802
;Journalarticle;10.1080/17477891.2018.1511404
;Journalarticle;10.1016/j.ijdrr.2019.101167
;Conferencepaper;10.1515/jhsem-2013-0002
;Journalarticle;10.1080/17477891.2011.635186
;Conferencepaper;10.1016/j.jaridenv.2016.12.010
;Journalarticle;10.1111/disa.12051
;Booksection;10.1080/0312407X.2021.1874029
;Book;10.3390/ijerph16030299
;Journalarticle;10.1177/1464993418824192
;Journalarticle;10.1080/10511482.2013.862839
;Journalarticle;10.1016/j.ijdrr.2021.102242
;Journalarticle;10.1016/j.ijdrr.2014.01.001
;Journalarticle;10.1016/j.ijdrr.2019.101328
;Conferencepaper;10.1016/j.ijdrr.2021.102342
;Conferencepaper;10.1080/15325024.2013.877771
;Journalarticle;10.20965/jdr.2015.p0196
;Journalarticle;10.1016/j.ijdrr.2013.03.001
;Journalarticle;10.1017/prp.2016.2
;Journalarticle;10.1016/j.ijdrr.2018.11.019
;Journalarticle;10.1111/disa.12259
;Journalarticle;10.1080/1041794X.2015.1111407
;Journalarticle;10.1111/risa.13652
;Journalarticle;10.1111/disa.12413
;Journalarticle;10.3389/fpubh.2021.682558
;Journalarticle;10.1016/j.ijdrr.2021.102280
;Journalarticle;10.1080/01944363.2014.986497
;Journalarticle;10.1111/disa.12268
;Journalarticle;10.1016/j.ijdrr.2020.101998
;Journalarticle;10.1016/j.techfore.2016.12.010
;Journalarticle;10.1080/08941921003681055
;Journalarticle;10.1061/(ASCE)NH.1527-6996.0000156
;Journalarticle;10.1016/j.ijdrr.2021.102274
;Journalarticle;10.17141/iconos.66.2020.3987
;Journalarticle;10.1080/14767430.2019.1605667
;Journalarticle;10.1016/j.asieco.2017.10.001
;Journalarticle;10.1016/j.religion.2009.12.002
;Booksection;10.1016/j.proeng.2018.01.070
;Journalarticle;10.3390/su10124483
;Journalarticle;10.1080/14330237.2015.1065051
;Journalarticle;10.1002/rhc3.12187
;Journalarticle;10.1007/s11069-017-3163-1
;Journalarticle;10.3390/su10061717
;Journalarticle;10.2112/SI85-035.1
;Journalarticle;10.1016/j.ijdrr.2020.101766
;Journalarticle;10.1016/j.healthplace.2019.03.007
;Journalarticle;10.1007/s11205-013-0354-3
;Conferencepaper;10.1111/disa.12201
;Journalarticle;10.1016/j.jhtm.2016.04.005
;Journalarticle;10.1108/IJDRBE-06-2019-0033
;Journalarticle;10.1016/j.jclepro.2021.127882
;Journalarticle;10.1007/s13753-021-00373-3
;Journalarticle;10.1016/j.ijdrr.2017.05.004
;Journalarticle;
;Journalarticle;10.1007/s10464-011-9427-0
;Journalarticle;10.1080/09614524.2015.1020764
;Journalarticle;10.1016/j.marpol.2017.08.029
;Journalarticle;10.1007/s10901-012-9266-9
;Book;10.1016/j.ijdrr.2019.101239
;Journalarticle;10.1002/sea2.12100
;Journalarticle;10.1177/0002764215591183
;Journalarticle;10.1177/0920203X17736508
;Journalarticle;10.1061/(ASCE)NH.1527-6996.0000332
;Journalarticle;10.5771/0943-7444-2019-2-77
;Journalarticle;10.1007/s11069-017-3103-0
;Journalarticle;10.1016/S2212-5671(14)00979-4
;Journalarticle;10.1108/DPM-02-2018-0036
;Journalarticle;10.1016/j.ijdrr.2016.02.004
;Journalarticle;10.1016/j.ijdrr.2014.12.006
;Journalarticle;10.1016/j.ienj.2015.11.009
;Journalarticle;10.1016/j.ijdrr.2021.102453
;Journalarticle;10.1111/disa.12387
;Journalarticle;10.3109/00048674.2010.513674
;Journalarticle;10.1007/s11069-021-04832-4
;Book;10.1016/j.ijdrr.2017.01.009
;Journalarticle;10.1016/j.dib.2020.106040
;Journalarticle;10.3727/108354221X16079839951420
;Booksection;10.1016/j.ijdrr.2020.101867
;Journalarticle;10.1002/da.20790
;Journalarticle;10.1016/j.telpol.2015.03.006
;Conferencepaper;
;Journalarticle;10.1007/s11111-015-0250-7
;Journalarticle;10.1016/j.geoforum.2019.08.007
;Journalarticle;10.1016/j.ijdrr.2021.102446
;Booksection;10.1016/j.ijdrr.2021.102601
;Journalarticle;10.1001/dmp.2010.7
;Journalarticle;10.1108/DPM-02-2019-0051
;Journalarticle;10.1111/ijsw.12029
;Journalarticle;10.1080/17477891.2019.1690969
;Journalarticle;10.5751/ES-09909-230129
;Book;10.1016/j.tele.2015.12.001
;Journalarticle;10.1007/s13753-018-0166-9
;Journalarticle;10.1093/bjsw/bcv122
;Conferencepaper;10.1061/(ASCE)NH.1527-6996.0000308
;Journalarticle;10.1080/00045608.2014.960039
;Journalarticle;10.1177/0002764215591181
;Journalarticle;10.1108/09653561311301998
;Journalarticle;10.1007/s11069-015-1797-4
;Journalarticle;10.3390/buildings6020014
;Book;10.1111/j.1467-8624.2010.01465.x
;Journalarticle;10.1016/j.ijdrr.2018.10.006
;Journalarticle;10.1108/09653561011091887
;Journalarticle;10.1177/0002764215591179
;Journalarticle;10.1016/j.ijdrr.2018.07.022
;Journalarticle;10.1525/cmr.2014.56.2.5
;Journalarticle;
;Journalarticle;10.1002/nml.21389
;Journalarticle;10.1007/s11069-016-2486-7
;Journalarticle;
;Journalarticle;10.1080/1523908X.2019.1623660
;Journalarticle;
;Journalarticle;10.1111/j.1468-5973.2011.00642.x
;Conferencepaper;10.1061/(ASCE)NH.1527-6996.0000421
;Journalarticle;10.1080/09523367.2017.1301432
;Booksection;10.1515/jhsem-2018-0054
;Journalarticle;10.1001/dmp.2010.10060910
;Journalarticle;10.1136/jramc-2018-001138
;Journalarticle;10.1193/022413EQS050M
;Journalarticle;10.1111/ssqu.12658
;Journalarticle;10.1177/2332649217702659
;Journalarticle;10.1080/13574809.2015.1133231
;Journalarticle;10.1111/acfi.12575
;Journalarticle;10.1016/j.cpa.2013.01.003
;Conferencepaper;10.1177/2056305115603386
;Journalarticle;10.1111/padm.12191
;Conferencepaper;10.1017/dmp.2016.23
;Journalarticle;10.1193/021513EQS029M
;Journalarticle;10.1606/1044-3894.4134
;Journalarticle;10.1061/(ASCE)IS.1943-555X.0000427
;Journalarticle;10.1017/dmp.2016.200
;Journalarticle;10.1177/1363461520920348
;Conferencepaper;10.1016/j.ijdrr.2017.03.014
;Journalarticle;10.1016/j.worlddev.2018.05.028
;Journalarticle;10.1007/s10584-021-03069-1
;Journalarticle;10.1007/s11625-020-00854-2
;Journalarticle;10.1016/j.ijdrr.2019.101249
;Journalarticle;10.1016/j.ufug.2018.07.005
;Journalarticle;10.1016/j.ssci.2021.105443
;Journalarticle;10.1177/0143034311402923
;Journalarticle;10.1057/s41289-016-0018-4
;Journalarticle;10.1080/14719037.2020.1775282
;Journalarticle;10.1080/17477891.2019.1665982
;Journalarticle;10.1680/cien.12.00019
;Booksection;10.1016/j.jtrangeo.2013.07.005
;Journalarticle;10.1016/j.proeng.2017.07.108
;Conferencepaper;10.1016/j.ijdrr.2019.101244
;Journalarticle;10.1111/tran.12240
;Journalarticle;10.1080/00909882.2020.1797142
;Conferencepaper;10.1016/j.ijdrr.2015.04.004
;Journalarticle;10.1080/19460171.2020.1842221
;Journalarticle;10.1097/PHH.0000000000000841
;Journalarticle;10.1017/dmp.2016.92
;Journalarticle;10.1136/bmjopen-2019-030250
;Conferencepaper;10.1016/j.gloenvcha.2015.09.020
;Conferencepaper;10.1111/j.1467-8381.2012.02084.x
;Journalarticle;10.1108/DPM-02-2021-0027
;Journalarticle;10.1002/jtr.2454
;Journalarticle;10.4269/ajtmh.16-0862
;Journalarticle;10.1007/s11069-016-2373-2
;Journalarticle;10.1193/1.3633342
;Journalarticle;10.1080/01488376.2012.754196
;Journalarticle;10.1016/S2212-5671(14)00999-X
;Journalarticle;10.1111/1468-5973.12244
;Journalarticle;10.1177/1354816618825014
;Booksection;10.5041/RMMJ.10354
;Journalarticle;10.1017/S1744137417000054
;Journalarticle;
;Journalarticle;10.1016/j.ijdrr.2021.102488
;Journalarticle;10.1080/13683500.2021.1952940
;Journalarticle;10.1080/01490400.2014.935836
;Journalarticle;10.1016/j.ijedudev.2014.06.008
;Journalarticle;10.1016/j.ijdrr.2015.01.005
;Journalarticle;10.1193/032513EQS078M
;Journalarticle;10.1111/ruso.12305
;Journalarticle;10.1007/s11138-016-0362-z
;Journalarticle;10.1080/17477891.2018.1485547
;Journalarticle;10.1108/DPM-01-2018-0032
;Journalarticle;10.1080/13683500.2019.1711029
;Journalarticle;10.2105/AJPH.2013.301668
;Journalarticle;10.1061/(ASCE)NH.1527-6996.0000387
;Journalarticle;10.1515/jhsem-2020-0075
;Booksection;10.1080/00472336.2013.767030
;Conferencepaper;10.1080/17477891.2015.1080655
;Journalarticle;10.1186/1471-2458-13-1036
;Journalarticle;10.1080/19378629.2014.964250
;Journalarticle;10.1016/j.proeng.2018.01.106
;Journalarticle;10.1016/j.wdp.2020.100210
;Conferencepaper;10.1016/j.ijdrr.2019.01.001
;Journalarticle;10.1007/s11069-019-03591-7
;Journalarticle;10.1016/j.ijdrr.2019.101424
;Journalarticle;
;Journalarticle;10.1016/j.ijdrr.2016.03.010
;Journalarticle;10.1016/j.psychres.2020.113348
;Journalarticle;
;Journalarticle;10.1080/14719037.2013.769855
;Booksection;10.1080/17441692.2015.1094111
;Journalarticle;10.3390/cli9010004
;Journalarticle;10.1016/j.ecolecon.2020.106759
;Journalarticle;10.1080/13537903.2015.1025538
;Journalarticle;10.1016/j.ijdrr.2020.101809
;Conferencepaper;10.3390/su10061924
;Journalarticle;10.1016/j.socscimed.2011.10.004
;Journalarticle;10.1080/15732479.2021.1961826
;Journalarticle;10.1111/disa.12080
;Journalarticle;10.3389/fsufs.2021.662918
;Journalarticle;10.1016/j.jdmm.2020.100510
;Journalarticle;10.1061/(ASCE)NH.1527-6996.0000225
;Journalarticle;10.3390/su12187718
;Journalarticle;10.1111/disa.12115
;Journalarticle;10.1007/s11069-011-0071-7
;Journalarticle;10.1080/13683500.2019.1666809
;Journalarticle;
;Booksection;10.1111/j.1365-2443.2011.01531.x
;Journalarticle;10.1080/12259276.2015.1062277
;Journalarticle;10.1007/978-3-319-92498-4_13
;Journalarticle;10.1108/IJDRBE-05-2019-0021
;Journalarticle;10.1061/(ASCE)AE.1943-5568.0000386
;Journalarticle;10.26913/80s02017.0111.0008
;Journalarticle;10.1177/0095399712471491
;Journalarticle;10.1016/j.ufug.2018.12.002
;Journalarticle;10.1017/dmp.2014.19
;Journalarticle;10.1193/060312EQS205M
;Conferencepaper;
;Journalarticle;10.1080/02508281.2021.1881707
;Journalarticle;10.1186/s40064-016-3642-y
;Journalarticle;10.1002/jcop.21590
;Journalarticle;10.1177/1524839921996083
;Journalarticle;10.1007/s13753-019-0221-1
;Book;10.1177/0899764010362115
;Journalarticle;10.1111/j.1540-6210.2010.02194.x
;Journalarticle;10.1111/disa.12104
;Book;
;Journalarticle;10.1016/j.ijdrr.2020.101478
;Book;10.1080/0966369X.2012.709828
;Journalarticle;10.1093/cdj/bss052
;Journalarticle;10.1111/disa.12388
;Journalarticle;10.1111/disa.12405
;Journalarticle;10.1080/10511482.2013.840666
;Journalarticle;10.1016/j.ijdrr.2014.12.010
;Journalarticle;10.1111/j.1468-2958.2010.01371.x
;Journalarticle;10.3390/su10082913
;Journalarticle;10.1080/14672715.2017.1407662
;Journalarticle;10.1097/PHH.0000000000000545
;Journalarticle;10.13128/RV-22010
;Journalarticle;10.1111/apv.12268
;Journalarticle;10.1108/WHATT-01-2021-0018
;Journalarticle;10.1080/17477891.2016.1142417
;Booksection;10.1016/j.ijdrr.2021.102112
;Journalarticle;10.5367/sear.2012.0099
;Journalarticle;10.1016/j.jeem.2018.06.007
;Journalarticle;10.1007/s10113-020-01613-w
;Journalarticle;10.1371/journal.pone.0121033
;Journalarticle;10.1111/cico.12048
;Journalarticle;10.1017/S153759271200165X
;Journalarticle;10.4067/S0718-22442015000300004
;Journalarticle;10.1016/j.jenvman.2020.110457
;Journalarticle;10.1016/j.worlddev.2019.01.003
;Journalarticle;10.1016/j.envsci.2017.06.012
;Journalarticle;10.1016/j.ijdrr.2018.10.017
;Journalarticle;10.1108/DPM-07-2016-0137
;Journalarticle;10.1080/10705422.2019.1649776
;Journalarticle;10.1093/ajae/aax069
;Journalarticle;10.3390/ijerph17061985
;Journalarticle;
;Journalarticle;10.1108/IJDRBE-05-2015-0030
;Journalarticle;10.1080/15325024.2018.1423873
;Journalarticle;10.1016/j.apnu.2017.07.009
;Journalarticle;10.1177/0192513X11412497
;Journalarticle;10.1080/13683500.2019.1607832
;Journalarticle;10.1108/AAAJ-12-2019-4323
;Journalarticle;10.1186/s12913-019-4765-y
;Journalarticle;10.1111/disa.12044
;Journalarticle;10.1080/13683500.2016.1157141
;Book;10.1016/j.ijdrr.2013.03.008
;Journalarticle;10.1016/j.ijdrr.2019.101070
;Journalarticle;10.1007/s11150-011-9124-7
;Book;10.1111/isj.12114
;Journalarticle;10.1108/JPMD-03-2017-0025
;Book;10.1111/1468-2427.12141
;Journalarticle;10.1007/s13753-016-0109-2
;Conferencepaper;
;Journalarticle;10.1080/10911359.2018.1556143
;Conferencepaper;10.1080/10511482.2011.624529
;Journalarticle;10.1080/01944363.2013.882125
;Book;10.1016/j.ijdrr.2020.101556
;Journalarticle;10.1016/j.jrurstud.2019.12.010
;Journalarticle;10.1016/j.ijdrr.2017.12.003
;Journalarticle;10.1108/DPM-07-2016-0130
;Journalarticle;10.11157/anzswj-vol31iss1id557
;Journalarticle;10.17645/pag.v8i4.3179
;Journalarticle;10.1371/journal.pone.0231736
;Journalarticle;10.1016/j.proeng.2018.01.134
;Conferencepaper;10.1177/0269094217734326
;Journalarticle;10.7596/taksad.v6i1.745
;Journalarticle;10.1016/j.ijdrr.2017.04.016
;Conferencepaper;10.3846/ijspm.2010.24
;Journalarticle;10.1002/sd.2013
;Journalarticle;10.1007/978-3-319-92498-4_9
;Journalarticle;10.1080/14672715.2017.1407663
;Journalarticle;
;Journalarticle;10.1111/j.1467-7717.2011.01240.x
;Journalarticle;10.1007/s11069-019-03789-9
;Journalarticle;10.1080/17477891.2011.597839
;Journalarticle;10.1016/S2212-5671(14)01000-4
;Booksection;10.1016/j.ijdrr.2019.101307
;Conferencepaper;10.1111/dpr.12512
;Journalarticle;10.1163/156853111X597314
;Journalarticle;10.1016/S2212-5671(15)00182-3
;Journalarticle;10.1177/0956247814565577
;Journalarticle;10.1080/17477891.2012.689249
;Journalarticle;10.1007/s11069-018-3539-x
;Journalarticle;10.1108/DPM-12-2015-0292
;Journalarticle;10.1111/disa.12041
;Journalarticle;10.1007/s11069-021-05027-7
;Journalarticle;10.1016/j.ijproman.2017.02.013
;Journalarticle;10.1080/02673037.2015.1006184
;Journalarticle;10.1111/j.1467-7717.2012.01296.x
;Journalarticle;10.1007/s13753-012-0006-2
;Journalarticle;10.1007/s11069-011-9842-4
;Booksection;10.1080/17477891.2011.594493
;Journalarticle;10.1002/jid.3367
;Journalarticle;
;Conferencepaper;10.1080/09614524.2015.1072132
;Journalarticle;10.1088/1755-1315/273/1/012037
;Journalarticle;10.1016/j.sbspro.2015.02.424
;Journalarticle;
;Journalarticle;10.1108/09653561211202674
;Journalarticle;
;Journalarticle;10.1007/s11069-016-2630-4
;Conferencepaper;10.1080/19475705.2018.1480535
;Journalarticle;10.1007/s11069-011-0003-6
;Journalarticle;10.1007/s11069-012-0488-7
;Journalarticle;10.4028/www.scientific.net/AMM.209-211.1668
;Journalarticle;
;Book;10.1016/j.ijproman.2017.02.002
;Journalarticle;10.1177/0020872817746224
;Journalarticle;10.3390/su13147629
;Conferencepaper;10.1177/0739456X16683514
;Journalarticle;10.1680/jmuen.16.00011
;Journalarticle;10.1016/j.ijdrr.2021.102120
;Journalarticle;10.1007/s11629-011-2103-x
;Booksection;10.3974/j.issn.2095-0055.2010.02.003
;Journalarticle;10.3390/geosciences10080316
;Book;10.1177/0042098018787967
;Journalarticle;10.1007/s11069-016-2573-9
;Journalarticle;10.1002/2475-8876.12230
;Journalarticle;10.1177/0959683616638438
;Journalarticle;10.1080/17477891.2017.1351914
;Journalarticle;10.1108/BEPAM-03-2021-0040
;Journalarticle;10.1016/j.ijdrr.2020.102017
;Booksection;10.1016/j.ijdrr.2020.101650
;Journalarticle;
;Journalarticle;10.1061/(ASCE)ME.1943-5479.0000833
;Journalarticle;10.20965/jdr.2016.p0780
;Journalarticle;10.1108/IJDRBE-07-2014-0057
;Journalarticle;10.1016/j.ijdrr.2020.101968
;Booksection;10.1016/j.landusepol.2020.104932
;Journalarticle;10.4028/www.scientific.net/AMR.368-373.573
;Journalarticle;10.1016/j.proeng.2018.01.053
;Journalarticle;10.3390/su12208720
;Journalarticle;10.3390/su13094955
;Journalarticle;10.1680/jcien.16.00015
;Journalarticle;10.3390/socsci10070254
;Journalarticle;10.1177/0020872815583073
;Journalarticle;10.1108/DPM-10-2013-0178
;Journalarticle;10.1063/1.4960895
;Journalarticle;10.1080/17477891.2015.1042959
;Journalarticle;10.1016/j.habitatint.2015.05.027
;Journalarticle;
;Journalarticle;10.1038/s41893-017-0002-z
;Journalarticle;
;Journalarticle;10.1016/j.ijdrr.2016.08.020
;Conferencepaper;10.1111/disa.12172
;Journalarticle;10.1142/S0578563416400106
;Journalarticle;10.1108/09653561311325316
;Journalarticle;
;Journalarticle;10.1039/d1ew00263e
;Journalarticle;
;Journalarticle;10.1155/2020/9173659
;Journalarticle;10.1108/IJDRBE-10-2019-0070
;Book;10.6092/2281-4574/5060
;Journalarticle;10.1108/OHI-01-2021-0018
;Journalarticle;10.5194/nhess-20-1163-2020
;Journalarticle;10.1016/j.proeng.2018.01.038
;Journalarticle;10.1016/j.ssci.2020.104626
;Journalarticle;10.1108/IJDRBE-08-2016-0034
;Booksection;10.5509/2011843495
;Journalarticle;10.1177/0094582X16648955
;Journalarticle;10.20507/AlterNative.2016.12.1.6
;Journalarticle;10.1080/02723638.2020.1780054
;Conferencepaper;10.1016/j.ijdrr.2017.11.012
;Journalarticle;10.1093/cdj/bsr023
;Journalarticle;10.1163/15685314-04306005
;Journalarticle;
;Journalarticle;10.3390/su10093225
;Conferencepaper;10.17730/humo.70.2.d4356255x771r663
;Journalarticle;10.1080/01944363.2014.968188
;Booksection;10.1007/s11069-020-04287-z
;Booksection;10.1177/1476750319884105
;Conferencepaper;10.1080/0967828X.2021.1966318
;Journalarticle;10.1098/rsta.2014.0373
;Journalarticle;10.20965/jdr.2020.p0845
;Journalarticle;10.1111/disa.12105
;Book;10.1061/(ASCE)NH.1527-6996.0000120
;Journalarticle;10.1016/j.ijdrr.2021.102444
;Journalarticle;10.1108/ECAM-03-2014-0044
;Journalarticle;
;Journalarticle;10.1080/14616718.2016.1219648
;Journalarticle;10.1016/j.worlddev.2019.02.005
;Journalarticle;10.1007/s11442-020-1786-8
;Journalarticle;10.1111/j.1467-7717.2009.01130.x
;Journalarticle;
;Journalarticle;10.3390/geosciences9010026
;Journalarticle;10.1142/S0578563416400076
;Journalarticle;10.1007/s11069-015-1914-4
;Journalarticle;10.1080/01944363.2021.1929417
;Journalarticle;10.1016/j.ijdrr.2020.101960
;Journalarticle;10.1088/1757-899X/352/1/012063
;Booksection;10.3390/su12114538
;Journalarticle;10.1016/j.ijdrr.2017.06.027
;Journalarticle;
;Journalarticle;10.1117/12.2279001
;Journalarticle;
;Journalarticle;10.1080/0312407X.2018.1487460
;Journalarticle;10.1016/j.apgeog.2020.102306
;Journalarticle;10.3828/idpr.2015.14
;Journalarticle;10.1016/j.ijdrr.2018.04.017
;Journalarticle;10.3390/su10062046
;Journalarticle;10.1016/j.ijdrr.2021.102052
;Journalarticle;10.1016/j.ijdrr.2020.101643
;Journalarticle;10.1007/s11069-010-9577-7
;Journalarticle;10.1016/j.sbspro.2012.03.007
;Journalarticle;10.1016/j.geoforum.2021.07.008
;Conferencepaper;10.1193/1.4000119
;Booksection;10.1111/disa.12423
;Journalarticle;10.1016/j.ijdrr.2020.101689
;Journalarticle;10.1080/14781158.2015.1030380
;Journalarticle;10.1177/21582440211033573
;Conferencepaper;10.1063/1.5011593
;Conferencepaper;
;Book;10.1063/1.5005476
;Journalarticle;10.1193/1.4000025
;Journalarticle;10.4067/S0718-22442015000300011
;Journalarticle;10.3390/su13063133
;Journalarticle;10.1016/j.ijdrr.2015.07.013
;Journalarticle;10.1007/s11069-014-1413-z
;Journalarticle;10.3390/su10061842
;Journalarticle;
;Journalarticle;10.1080/01944363.2014.988167
;Booksection;10.1108/IJCMA-06-2016-0051
;Journalarticle;10.1016/j.ijdrr.2016.04.015
;Journalarticle;10.1016/j.ijdrr.2021.102356
;Conferencepaper;10.1108/PM-04-2018-0031
;Journalarticle;10.3390/su10030651
;Journalarticle;10.1108/IJDRBE-09-2018-0037
;Journalarticle;10.1080/01944360903294556
;Journalarticle;10.1016/j.ijdrr.2020.101786
;Book;10.1111/disa.12431
;Journalarticle;10.1016/j.ijdrr.2018.12.006
;Journalarticle;10.1016/j.ijproman.2016.09.005
;Booksection;10.1177/1468797620939413
;Journalarticle;10.1111/disa.12190
;Journalarticle;10.3390/su11174811
;Journalarticle;10.1080/09640568.2017.1282346
;Journalarticle;10.1177/1010539520935386
;Journalarticle;10.1108/DPM-09-2019-0307
;Journalarticle;10.1111/ropr.12297
;Journalarticle;10.1108/TR-03-2021-0113
